{"distance": [1.8, 1.8041666666666667, 1.8083333333333333, 1.8125, 1.8166666666666667, 1.8208333333333333, 1.825, 1.8291666666666666, 1.8333333333333333, 1.8375, 1.8416666666666666, 1.8458333333333332, 1.85, 1.8541666666666667, 1.8583333333333334, 1.8625, 1.8666666666666667, 1.8708333333333333, 1.875, 1.8791666666666667, 1.8833333333333333, 1.8875, 1.8916666666666666, 1.8958333333333333, 1.9, 2.3, 2.3208333333333333, 2.3416666666666663, 2.3625, 2.3833333333333333, 2.4041666666666663, 2.425, 2.4458333333333333, 2.4666666666666663, 2.4875, 2.5083333333333333, 2.5291666666666663, 2.55, 2.5708333333333333, 2.5916666666666663, 2.6125, 2.6333333333333333, 2.6541666666666663, 2.675, 2.6958333333333333, 2.7166666666666663, 2.7375, 2.7583333333333333, 2.7791666666666663, 2.8, 4.0, 4.025, 4.05, 4.075, 4.1, 4.125, 4.15, 4.175, 4.2, 4.225, 4.25, 4.2749999999999995, 4.3, 4.325, 4.35, 4.375, 4.3999999999999995, 4.425, 4.449999999999999, 4.475, 4.5, 4.5249999999999995, 4.55, 4.574999999999999, 4.6], "energy": [5.101972546282973, 5.047065315532144, 4.993261762813692, 4.940546622749128, 4.888904816070202, 4.838321447476595, 4.788781803517537, 4.7402713504971, 4.6927757324031205, 4.646280768859025, 4.60077245309893, 4.55623694996525, 4.512660593928711, 4.470029887130764, 4.428331497447715, 4.387552256576605, 4.347679158142711, 4.308699355828114, 4.270600161521298, 4.2333690434874995, 4.196993624559596, 4.1614616803494044, 4.126761137478798, 4.092880071830908, 4.05980670682087, 3.300760833836832, 3.3370764834530258, 3.3769422642671207, 3.4199888261520286, 3.4658721824104126, 3.514272188396114, 3.5648911059486728, 3.6174522489444243, 3.6716987055213646, 3.7273921327747117, 3.7843116199474043, 3.842252616354256, 3.901025920481983, 3.960456726899586, 4.0203837277955365, 4.080658266130428, 4.141143537556819, 4.201713838411998, 4.262253857235485, 4.3226580074010625, 4.382829798583794, 4.442681244906078, 4.502132307723866, 4.56111037112474, 4.619549748314322, 6.5916577155106575, 6.608479743273122, 6.6246819866430915, 6.640284701269136, 6.655307655746143, 6.669770129863043, 6.683690914258396, 6.6970883113450705, 6.709980137375844, 6.722383725531595, 6.734315929922941, 6.745793130404693, 6.756831238110463, 6.767445701622098, 6.777651513695549, 6.787463218471089, 6.796894919101804, 6.805960285739747, 6.81467256382431, 6.823044582622176, 6.831088763972666, 6.838817131196574, 6.846241318130628, 6.853372578253659, 6.8602217938747545]}